{
  "scalar": {
    "temp": [
      25.630964099113783,
      26.195575582499153,
      26.700812136557264,
      27.152917669420273,
      27.557479475575402,
      27.919497285804447,
      28.243445055784438,
      28.533326256956872,
      28.792723352971343,
      29.024842073152563,
      29.23255103013935,
      29.418417171305634,
      29.584737502085794,
      29.733567473253455,
      29.866746382974625,
      29.9859201075636,
      30.092561441857022,
      30.187988300580322,
      30.273380005646022,
      30.349791860668624,
      30.418168192813567,
      30.47935402315642,
      30.534105509779142,
      30.58309929266319
    ],
    "freq": [
      1.2,
      1.2,
      1.2,
      1.2,
      1.2,
      1.2,
      1.2,
      1.2,
      1.2,
      1.2,
      1.2,
      1.2,
      1.2,
      1.2,
      1.2,
      1.2,
      1.2,
      1.2,
      1.2,
      1.2,
      1.2,
      1.2,
      1.2,
      1.2
    ],
    "fps": [
      15.993599999999999,
      15.993599999999999,
      15.993599999999999,
      15.993599999999999,
      15.993599999999999,
      15.993599999999999,
      15.993599999999999,
      15.993599999999999,
      15.993599999999999,
      15.993599999999999,
      15.993599999999999,
      15.993599999999999,
      15.993599999999999,
      15.993599999999999,
      15.993599999999999,
      15.993599999999999,
      15.993599999999999,
      15.993599999999999,
      15.993599999999999,
      15.993599999999999,
      15.993599999999999,
      15.993599999999999,
      15.993599999999999,
      15.993599999999999
    ],
    "avg_fps": 15.9936,
    "max_temp": 30.58309929266319,
    "throttle": 0,
    "energy": 48.0,
    "edp": 691200.0
  },
  "aggressive": {
    "temp": [
      32.09834611503004,
      38.45022530311546,
      44.134136536269224,
      49.22032378097806,
      53.771644100223284,
      57.84434446530003,
      61.48875687757494,
      64.74992039076484,
      67.66813772092763,
      70.27947332296637,
      72.61619908906775,
      74.70719317718844,
      76.57829689846525,
      78.25263407410142,
      79.75089680846459,
      81.09160121009054,
      82.29131622089155,
      83.36486838152865,
      84.32552506351774,
      85.18515843252203,
      81.69538450013464,
      78.57259757864051,
      77.3556153110383,
      78.94820915135551
    ],
    "freq": [
      3.3,
      3.3,
      3.3,
      3.3,
      3.3,
      3.3,
      3.3,
      3.3,
      3.3,
      3.3,
      3.3,
      3.3,
      3.3,
      3.3,
      3.3,
      3.3,
      3.3,
      3.3,
      3.3,
      2.4,
      2.4,
      2.8,
      3.3,
      3.3
    ],
    "fps": [
      53.4,
      53.4,
      53.4,
      53.4,
      53.4,
      53.4,
      53.4,
      53.4,
      53.4,
      53.4,
      53.4,
      53.4,
      53.4,
      53.4,
      53.4,
      53.4,
      53.4,
      53.4,
      53.4,
      53.4,
      39.0,
      39.0,
      45.6,
      53.4
    ],
    "avg_fps": 51.87499999999999,
    "max_temp": 85.18515843252203,
    "throttle": 1,
    "energy": 504.5,
    "edp": 7264800.0
  },
  "balanced": {
    "temp": [
      29.41674869379647,
      36.05062649872763,
      41.98688118152224,
      47.298875266310276,
      52.05225642406398,
      56.30576877182659,
      60.11197885515998,
      63.517925285782,
      66.56570006286614,
      69.29296876219618,
      71.7334360218739,
      73.91726207723174,
      75.87143549264957,
      74.9385092754053,
      74.10369021652821,
      73.35666130021903,
      72.68819045510834,
      72.09001646075917,
      71.55474685231964,
      71.0757665615921,
      70.64715616546994,
      70.26361873142443,
      69.92041435597042,
      72.29489900834503
    ],
    "freq": [
      3.3,
      3.3,
      3.3,
      3.3,
      3.3,
      3.3,
      3.3,
      3.3,
      3.3,
      3.3,
      3.3,
      3.3,
      2.8,
      2.8,
      2.8,
      2.8,
      2.8,
      2.8,
      2.8,
      2.8,
      2.8,
      2.8,
      3.3,
      3.3
    ],
    "fps": [
      45.6,
      53.4,
      53.4,
      53.4,
      53.4,
      53.4,
      53.4,
      53.4,
      53.4,
      53.4,
      53.4,
      53.4,
      53.4,
      45.6,
      45.6,
      45.6,
      45.6,
      45.6,
      45.6,
      45.6,
      45.6,
      45.6,
      45.6,
      53.4
    ],
    "avg_fps": 49.824999999999996,
    "max_temp": 75.87143549264957,
    "throttle": 0,
    "energy": 446.5,
    "edp": 6429600.0
  }
}